"Id","Dataset","ImgType","Slice","SliceCount","SliceIndex","SliceOrder","FileName","Offset","Time","PixelSpacing.x","PixelSpacing.y","SliceLocation","SliceThickness","Dim.x","Dim.y"
1,"train","2ch",21,1,1,1,"IM-4572-0001.dcm",4572,1,1.5625,1.5625,11.989923218964,6,256,256
1,"train","2ch",21,1,1,1,"IM-4572-0002.dcm",4572,2,1.5625,1.5625,11.989923218964,6,256,256
1,"train","2ch",21,1,1,1,"IM-4572-0003.dcm",4572,3,1.5625,1.5625,11.989923218964,6,256,256
1,"train","2ch",21,1,1,1,"IM-4572-0004.dcm",4572,4,1.5625,1.5625,11.989923218964,6,256,256
1,"train","2ch",21,1,1,1,"IM-4572-0005.dcm",4572,5,1.5625,1.5625,11.989923218964,6,256,256
1,"train","2ch",21,1,1,1,"IM-4572-0006.dcm",4572,6,1.5625,1.5625,11.989923218964,6,256,256
1,"train","2ch",21,1,1,1,"IM-4572-0007.dcm",4572,7,1.5625,1.5625,11.989923218964,6,256,256
1,"train","2ch",21,1,1,1,"IM-4572-0008.dcm",4572,8,1.5625,1.5625,11.989923218964,6,256,256
1,"train","2ch",21,1,1,1,"IM-4572-0009.dcm",4572,9,1.5625,1.5625,11.989923218964,6,256,256
1,"train","2ch",21,1,1,1,"IM-4572-0010.dcm",4572,10,1.5625,1.5625,11.989923218964,6,256,256
1,"train","2ch",21,1,1,1,"IM-4572-0011.dcm",4572,11,1.5625,1.5625,11.989923218964,6,256,256
1,"train","2ch",21,1,1,1,"IM-4572-0012.dcm",4572,12,1.5625,1.5625,11.989923218964,6,256,256
1,"train","2ch",21,1,1,1,"IM-4572-0013.dcm",4572,13,1.5625,1.5625,11.989923218964,6,256,256
1,"train","2ch",21,1,1,1,"IM-4572-0014.dcm",4572,14,1.5625,1.5625,11.989923218964,6,256,256
1,"train","2ch",21,1,1,1,"IM-4572-0015.dcm",4572,15,1.5625,1.5625,11.989923218964,6,256,256
1,"train","2ch",21,1,1,1,"IM-4572-0016.dcm",4572,16,1.5625,1.5625,11.989923218964,6,256,256
1,"train","2ch",21,1,1,1,"IM-4572-0017.dcm",4572,17,1.5625,1.5625,11.989923218964,6,256,256
1,"train","2ch",21,1,1,1,"IM-4572-0018.dcm",4572,18,1.5625,1.5625,11.989923218964,6,256,256
1,"train","2ch",21,1,1,1,"IM-4572-0019.dcm",4572,19,1.5625,1.5625,11.989923218964,6,256,256
1,"train","2ch",21,1,1,1,"IM-4572-0020.dcm",4572,20,1.5625,1.5625,11.989923218964,6,256,256
1,"train","2ch",21,1,1,1,"IM-4572-0021.dcm",4572,21,1.5625,1.5625,11.989923218964,6,256,256
1,"train","2ch",21,1,1,1,"IM-4572-0022.dcm",4572,22,1.5625,1.5625,11.989923218964,6,256,256
1,"train","2ch",21,1,1,1,"IM-4572-0023.dcm",4572,23,1.5625,1.5625,11.989923218964,6,256,256
1,"train","2ch",21,1,1,1,"IM-4572-0024.dcm",4572,24,1.5625,1.5625,11.989923218964,6,256,256
1,"train","2ch",21,1,1,1,"IM-4572-0025.dcm",4572,25,1.5625,1.5625,11.989923218964,6,256,256
1,"train","2ch",21,1,1,1,"IM-4572-0026.dcm",4572,26,1.5625,1.5625,11.989923218964,6,256,256
1,"train","2ch",21,1,1,1,"IM-4572-0027.dcm",4572,27,1.5625,1.5625,11.989923218964,6,256,256
1,"train","2ch",21,1,1,1,"IM-4572-0028.dcm",4572,28,1.5625,1.5625,11.989923218964,6,256,256
1,"train","2ch",21,1,1,1,"IM-4572-0029.dcm",4572,29,1.5625,1.5625,11.989923218964,6,256,256
1,"train","2ch",21,1,1,1,"IM-4572-0030.dcm",4572,30,1.5625,1.5625,11.989923218964,6,256,256
1,"train","4ch",20,1,1,1,"IM-4571-0001.dcm",4571,1,1.5625,1.5625,-28.196465244992,6,256,230
1,"train","4ch",20,1,1,1,"IM-4571-0002.dcm",4571,2,1.5625,1.5625,-28.196465244992,6,256,230
1,"train","4ch",20,1,1,1,"IM-4571-0003.dcm",4571,3,1.5625,1.5625,-28.196465244992,6,256,230
1,"train","4ch",20,1,1,1,"IM-4571-0004.dcm",4571,4,1.5625,1.5625,-28.196465244992,6,256,230
1,"train","4ch",20,1,1,1,"IM-4571-0005.dcm",4571,5,1.5625,1.5625,-28.196465244992,6,256,230
1,"train","4ch",20,1,1,1,"IM-4571-0006.dcm",4571,6,1.5625,1.5625,-28.196465244992,6,256,230
1,"train","4ch",20,1,1,1,"IM-4571-0007.dcm",4571,7,1.5625,1.5625,-28.196465244992,6,256,230
1,"train","4ch",20,1,1,1,"IM-4571-0008.dcm",4571,8,1.5625,1.5625,-28.196465244992,6,256,230
1,"train","4ch",20,1,1,1,"IM-4571-0009.dcm",4571,9,1.5625,1.5625,-28.196465244992,6,256,230
1,"train","4ch",20,1,1,1,"IM-4571-0010.dcm",4571,10,1.5625,1.5625,-28.196465244992,6,256,230
1,"train","4ch",20,1,1,1,"IM-4571-0011.dcm",4571,11,1.5625,1.5625,-28.196465244992,6,256,230
1,"train","4ch",20,1,1,1,"IM-4571-0012.dcm",4571,12,1.5625,1.5625,-28.196465244992,6,256,230
1,"train","4ch",20,1,1,1,"IM-4571-0013.dcm",4571,13,1.5625,1.5625,-28.196465244992,6,256,230
1,"train","4ch",20,1,1,1,"IM-4571-0014.dcm",4571,14,1.5625,1.5625,-28.196465244992,6,256,230
1,"train","4ch",20,1,1,1,"IM-4571-0015.dcm",4571,15,1.5625,1.5625,-28.196465244992,6,256,230
1,"train","4ch",20,1,1,1,"IM-4571-0016.dcm",4571,16,1.5625,1.5625,-28.196465244992,6,256,230
1,"train","4ch",20,1,1,1,"IM-4571-0017.dcm",4571,17,1.5625,1.5625,-28.196465244992,6,256,230
1,"train","4ch",20,1,1,1,"IM-4571-0018.dcm",4571,18,1.5625,1.5625,-28.196465244992,6,256,230
1,"train","4ch",20,1,1,1,"IM-4571-0019.dcm",4571,19,1.5625,1.5625,-28.196465244992,6,256,230
1,"train","4ch",20,1,1,1,"IM-4571-0020.dcm",4571,20,1.5625,1.5625,-28.196465244992,6,256,230
1,"train","4ch",20,1,1,1,"IM-4571-0021.dcm",4571,21,1.5625,1.5625,-28.196465244992,6,256,230
1,"train","4ch",20,1,1,1,"IM-4571-0022.dcm",4571,22,1.5625,1.5625,-28.196465244992,6,256,230
1,"train","4ch",20,1,1,1,"IM-4571-0023.dcm",4571,23,1.5625,1.5625,-28.196465244992,6,256,230
1,"train","4ch",20,1,1,1,"IM-4571-0024.dcm",4571,24,1.5625,1.5625,-28.196465244992,6,256,230
1,"train","4ch",20,1,1,1,"IM-4571-0025.dcm",4571,25,1.5625,1.5625,-28.196465244992,6,256,230
1,"train","4ch",20,1,1,1,"IM-4571-0026.dcm",4571,26,1.5625,1.5625,-28.196465244992,6,256,230
1,"train","4ch",20,1,1,1,"IM-4571-0027.dcm",4571,27,1.5625,1.5625,-28.196465244992,6,256,230
1,"train","4ch",20,1,1,1,"IM-4571-0028.dcm",4571,28,1.5625,1.5625,-28.196465244992,6,256,230
1,"train","4ch",20,1,1,1,"IM-4571-0029.dcm",4571,29,1.5625,1.5625,-28.196465244992,6,256,230
1,"train","4ch",20,1,1,1,"IM-4571-0030.dcm",4571,30,1.5625,1.5625,-28.196465244992,6,256,230
1,"train","sax",5,16,1,4,"IM-4557-0001.dcm",4557,1,1.5625,1.5625,-11.166474299894,6,256,230
1,"train","sax",5,16,1,4,"IM-4557-0002.dcm",4557,2,1.5625,1.5625,-11.166474299894,6,256,230
1,"train","sax",5,16,1,4,"IM-4557-0003.dcm",4557,3,1.5625,1.5625,-11.166474299894,6,256,230
1,"train","sax",5,16,1,4,"IM-4557-0004.dcm",4557,4,1.5625,1.5625,-11.166474299894,6,256,230
1,"train","sax",5,16,1,4,"IM-4557-0005.dcm",4557,5,1.5625,1.5625,-11.166474299894,6,256,230
1,"train","sax",5,16,1,4,"IM-4557-0006.dcm",4557,6,1.5625,1.5625,-11.166474299894,6,256,230
1,"train","sax",5,16,1,4,"IM-4557-0007.dcm",4557,7,1.5625,1.5625,-11.166474299894,6,256,230
1,"train","sax",5,16,1,4,"IM-4557-0008.dcm",4557,8,1.5625,1.5625,-11.166474299894,6,256,230
1,"train","sax",5,16,1,4,"IM-4557-0009.dcm",4557,9,1.5625,1.5625,-11.166474299894,6,256,230
1,"train","sax",5,16,1,4,"IM-4557-0010.dcm",4557,10,1.5625,1.5625,-11.166474299894,6,256,230
1,"train","sax",5,16,1,4,"IM-4557-0011.dcm",4557,11,1.5625,1.5625,-11.166474299894,6,256,230
1,"train","sax",5,16,1,4,"IM-4557-0012.dcm",4557,12,1.5625,1.5625,-11.166474299894,6,256,230
1,"train","sax",5,16,1,4,"IM-4557-0013.dcm",4557,13,1.5625,1.5625,-11.166474299894,6,256,230
1,"train","sax",5,16,1,4,"IM-4557-0014.dcm",4557,14,1.5625,1.5625,-11.166474299894,6,256,230
1,"train","sax",5,16,1,4,"IM-4557-0015.dcm",4557,15,1.5625,1.5625,-11.166474299894,6,256,230
1,"train","sax",5,16,1,4,"IM-4557-0016.dcm",4557,16,1.5625,1.5625,-11.166474299894,6,256,230
1,"train","sax",5,16,1,4,"IM-4557-0017.dcm",4557,17,1.5625,1.5625,-11.166474299894,6,256,230
1,"train","sax",5,16,1,4,"IM-4557-0018.dcm",4557,18,1.5625,1.5625,-11.166474299894,6,256,230
1,"train","sax",5,16,1,4,"IM-4557-0019.dcm",4557,19,1.5625,1.5625,-11.166474299894,6,256,230
1,"train","sax",5,16,1,4,"IM-4557-0020.dcm",4557,20,1.5625,1.5625,-11.166474299894,6,256,230
1,"train","sax",5,16,1,4,"IM-4557-0021.dcm",4557,21,1.5625,1.5625,-11.166474299894,6,256,230
1,"train","sax",5,16,1,4,"IM-4557-0022.dcm",4557,22,1.5625,1.5625,-11.166474299894,6,256,230
1,"train","sax",5,16,1,4,"IM-4557-0023.dcm",4557,23,1.5625,1.5625,-11.166474299894,6,256,230
1,"train","sax",5,16,1,4,"IM-4557-0024.dcm",4557,24,1.5625,1.5625,-11.166474299894,6,256,230
1,"train","sax",5,16,1,4,"IM-4557-0025.dcm",4557,25,1.5625,1.5625,-11.166474299894,6,256,230
1,"train","sax",5,16,1,4,"IM-4557-0026.dcm",4557,26,1.5625,1.5625,-11.166474299894,6,256,230
1,"train","sax",5,16,1,4,"IM-4557-0027.dcm",4557,27,1.5625,1.5625,-11.166474299894,6,256,230
1,"train","sax",5,16,1,4,"IM-4557-0028.dcm",4557,28,1.5625,1.5625,-11.166474299894,6,256,230
1,"train","sax",5,16,1,4,"IM-4557-0029.dcm",4557,29,1.5625,1.5625,-11.166474299894,6,256,230
1,"train","sax",5,16,1,4,"IM-4557-0030.dcm",4557,30,1.5625,1.5625,-11.166474299894,6,256,230
1,"train","sax",6,16,2,4,"IM-4558-0001.dcm",4558,1,1.5625,1.5625,-21.186474266962,6,256,230
1,"train","sax",6,16,2,4,"IM-4558-0002.dcm",4558,2,1.5625,1.5625,-21.186474266962,6,256,230
1,"train","sax",6,16,2,4,"IM-4558-0003.dcm",4558,3,1.5625,1.5625,-21.186474266962,6,256,230
1,"train","sax",6,16,2,4,"IM-4558-0004.dcm",4558,4,1.5625,1.5625,-21.186474266962,6,256,230
1,"train","sax",6,16,2,4,"IM-4558-0005.dcm",4558,5,1.5625,1.5625,-21.186474266962,6,256,230
1,"train","sax",6,16,2,4,"IM-4558-0006.dcm",4558,6,1.5625,1.5625,-21.186474266962,6,256,230
1,"train","sax",6,16,2,4,"IM-4558-0007.dcm",4558,7,1.5625,1.5625,-21.186474266962,6,256,230
1,"train","sax",6,16,2,4,"IM-4558-0008.dcm",4558,8,1.5625,1.5625,-21.186474266962,6,256,230
1,"train","sax",6,16,2,4,"IM-4558-0009.dcm",4558,9,1.5625,1.5625,-21.186474266962,6,256,230
1,"train","sax",6,16,2,4,"IM-4558-0010.dcm",4558,10,1.5625,1.5625,-21.186474266962,6,256,230
1,"train","sax",6,16,2,4,"IM-4558-0011.dcm",4558,11,1.5625,1.5625,-21.186474266962,6,256,230
1,"train","sax",6,16,2,4,"IM-4558-0012.dcm",4558,12,1.5625,1.5625,-21.186474266962,6,256,230
1,"train","sax",6,16,2,4,"IM-4558-0013.dcm",4558,13,1.5625,1.5625,-21.186474266962,6,256,230
1,"train","sax",6,16,2,4,"IM-4558-0014.dcm",4558,14,1.5625,1.5625,-21.186474266962,6,256,230
1,"train","sax",6,16,2,4,"IM-4558-0015.dcm",4558,15,1.5625,1.5625,-21.186474266962,6,256,230
1,"train","sax",6,16,2,4,"IM-4558-0016.dcm",4558,16,1.5625,1.5625,-21.186474266962,6,256,230
1,"train","sax",6,16,2,4,"IM-4558-0017.dcm",4558,17,1.5625,1.5625,-21.186474266962,6,256,230
1,"train","sax",6,16,2,4,"IM-4558-0018.dcm",4558,18,1.5625,1.5625,-21.186474266962,6,256,230
1,"train","sax",6,16,2,4,"IM-4558-0019.dcm",4558,19,1.5625,1.5625,-21.186474266962,6,256,230
1,"train","sax",6,16,2,4,"IM-4558-0020.dcm",4558,20,1.5625,1.5625,-21.186474266962,6,256,230
1,"train","sax",6,16,2,4,"IM-4558-0021.dcm",4558,21,1.5625,1.5625,-21.186474266962,6,256,230
1,"train","sax",6,16,2,4,"IM-4558-0022.dcm",4558,22,1.5625,1.5625,-21.186474266962,6,256,230
1,"train","sax",6,16,2,4,"IM-4558-0023.dcm",4558,23,1.5625,1.5625,-21.186474266962,6,256,230
1,"train","sax",6,16,2,4,"IM-4558-0024.dcm",4558,24,1.5625,1.5625,-21.186474266962,6,256,230
1,"train","sax",6,16,2,4,"IM-4558-0025.dcm",4558,25,1.5625,1.5625,-21.186474266962,6,256,230
1,"train","sax",6,16,2,4,"IM-4558-0026.dcm",4558,26,1.5625,1.5625,-21.186474266962,6,256,230
1,"train","sax",6,16,2,4,"IM-4558-0027.dcm",4558,27,1.5625,1.5625,-21.186474266962,6,256,230
1,"train","sax",6,16,2,4,"IM-4558-0028.dcm",4558,28,1.5625,1.5625,-21.186474266962,6,256,230
1,"train","sax",6,16,2,4,"IM-4558-0029.dcm",4558,29,1.5625,1.5625,-21.186474266962,6,256,230
1,"train","sax",6,16,2,4,"IM-4558-0030.dcm",4558,30,1.5625,1.5625,-21.186474266962,6,256,230
1,"train","sax",7,16,3,4,"IM-4559-0001.dcm",4559,1,1.5625,1.5625,-31.206474055114,6,256,230
1,"train","sax",7,16,3,4,"IM-4559-0002.dcm",4559,2,1.5625,1.5625,-31.206474055114,6,256,230
1,"train","sax",7,16,3,4,"IM-4559-0003.dcm",4559,3,1.5625,1.5625,-31.206474055114,6,256,230
1,"train","sax",7,16,3,4,"IM-4559-0004.dcm",4559,4,1.5625,1.5625,-31.206474055114,6,256,230
1,"train","sax",7,16,3,4,"IM-4559-0005.dcm",4559,5,1.5625,1.5625,-31.206474055114,6,256,230
1,"train","sax",7,16,3,4,"IM-4559-0006.dcm",4559,6,1.5625,1.5625,-31.206474055114,6,256,230
1,"train","sax",7,16,3,4,"IM-4559-0007.dcm",4559,7,1.5625,1.5625,-31.206474055114,6,256,230
1,"train","sax",7,16,3,4,"IM-4559-0008.dcm",4559,8,1.5625,1.5625,-31.206474055114,6,256,230
1,"train","sax",7,16,3,4,"IM-4559-0009.dcm",4559,9,1.5625,1.5625,-31.206474055114,6,256,230
1,"train","sax",7,16,3,4,"IM-4559-0010.dcm",4559,10,1.5625,1.5625,-31.206474055114,6,256,230
1,"train","sax",7,16,3,4,"IM-4559-0011.dcm",4559,11,1.5625,1.5625,-31.206474055114,6,256,230
1,"train","sax",7,16,3,4,"IM-4559-0012.dcm",4559,12,1.5625,1.5625,-31.206474055114,6,256,230
1,"train","sax",7,16,3,4,"IM-4559-0013.dcm",4559,13,1.5625,1.5625,-31.206474055114,6,256,230
1,"train","sax",7,16,3,4,"IM-4559-0014.dcm",4559,14,1.5625,1.5625,-31.206474055114,6,256,230
1,"train","sax",7,16,3,4,"IM-4559-0015.dcm",4559,15,1.5625,1.5625,-31.206474055114,6,256,230
1,"train","sax",7,16,3,4,"IM-4559-0016.dcm",4559,16,1.5625,1.5625,-31.206474055114,6,256,230
1,"train","sax",7,16,3,4,"IM-4559-0017.dcm",4559,17,1.5625,1.5625,-31.206474055114,6,256,230
1,"train","sax",7,16,3,4,"IM-4559-0018.dcm",4559,18,1.5625,1.5625,-31.206474055114,6,256,230
1,"train","sax",7,16,3,4,"IM-4559-0019.dcm",4559,19,1.5625,1.5625,-31.206474055114,6,256,230
1,"train","sax",7,16,3,4,"IM-4559-0020.dcm",4559,20,1.5625,1.5625,-31.206474055114,6,256,230
1,"train","sax",7,16,3,4,"IM-4559-0021.dcm",4559,21,1.5625,1.5625,-31.206474055114,6,256,230
1,"train","sax",7,16,3,4,"IM-4559-0022.dcm",4559,22,1.5625,1.5625,-31.206474055114,6,256,230
1,"train","sax",7,16,3,4,"IM-4559-0023.dcm",4559,23,1.5625,1.5625,-31.206474055114,6,256,230
1,"train","sax",7,16,3,4,"IM-4559-0024.dcm",4559,24,1.5625,1.5625,-31.206474055114,6,256,230
1,"train","sax",7,16,3,4,"IM-4559-0025.dcm",4559,25,1.5625,1.5625,-31.206474055114,6,256,230
1,"train","sax",7,16,3,4,"IM-4559-0026.dcm",4559,26,1.5625,1.5625,-31.206474055114,6,256,230
1,"train","sax",7,16,3,4,"IM-4559-0027.dcm",4559,27,1.5625,1.5625,-31.206474055114,6,256,230
1,"train","sax",7,16,3,4,"IM-4559-0028.dcm",4559,28,1.5625,1.5625,-31.206474055114,6,256,230
1,"train","sax",7,16,3,4,"IM-4559-0029.dcm",4559,29,1.5625,1.5625,-31.206474055114,6,256,230
1,"train","sax",7,16,3,4,"IM-4559-0030.dcm",4559,30,1.5625,1.5625,-31.206474055114,6,256,230
1,"train","sax",8,16,4,3,"IM-4560-0001.dcm",4560,1,1.5625,1.5625,-41.226473843265,6,256,230
1,"train","sax",8,16,4,3,"IM-4560-0002.dcm",4560,2,1.5625,1.5625,-41.226473843265,6,256,230
1,"train","sax",8,16,4,3,"IM-4560-0003.dcm",4560,3,1.5625,1.5625,-41.226473843265,6,256,230
1,"train","sax",8,16,4,3,"IM-4560-0004.dcm",4560,4,1.5625,1.5625,-41.226473843265,6,256,230
1,"train","sax",8,16,4,3,"IM-4560-0005.dcm",4560,5,1.5625,1.5625,-41.226473843265,6,256,230
1,"train","sax",8,16,4,3,"IM-4560-0006.dcm",4560,6,1.5625,1.5625,-41.226473843265,6,256,230
1,"train","sax",8,16,4,3,"IM-4560-0007.dcm",4560,7,1.5625,1.5625,-41.226473843265,6,256,230
1,"train","sax",8,16,4,3,"IM-4560-0008.dcm",4560,8,1.5625,1.5625,-41.226473843265,6,256,230
1,"train","sax",8,16,4,3,"IM-4560-0009.dcm",4560,9,1.5625,1.5625,-41.226473843265,6,256,230
1,"train","sax",8,16,4,3,"IM-4560-0010.dcm",4560,10,1.5625,1.5625,-41.226473843265,6,256,230
1,"train","sax",8,16,4,3,"IM-4560-0011.dcm",4560,11,1.5625,1.5625,-41.226473843265,6,256,230
1,"train","sax",8,16,4,3,"IM-4560-0012.dcm",4560,12,1.5625,1.5625,-41.226473843265,6,256,230
1,"train","sax",8,16,4,3,"IM-4560-0013.dcm",4560,13,1.5625,1.5625,-41.226473843265,6,256,230
1,"train","sax",8,16,4,3,"IM-4560-0014.dcm",4560,14,1.5625,1.5625,-41.226473843265,6,256,230
1,"train","sax",8,16,4,3,"IM-4560-0015.dcm",4560,15,1.5625,1.5625,-41.226473843265,6,256,230
1,"train","sax",8,16,4,3,"IM-4560-0016.dcm",4560,16,1.5625,1.5625,-41.226473843265,6,256,230
1,"train","sax",8,16,4,3,"IM-4560-0017.dcm",4560,17,1.5625,1.5625,-41.226473843265,6,256,230
1,"train","sax",8,16,4,3,"IM-4560-0018.dcm",4560,18,1.5625,1.5625,-41.226473843265,6,256,230
1,"train","sax",8,16,4,3,"IM-4560-0019.dcm",4560,19,1.5625,1.5625,-41.226473843265,6,256,230
1,"train","sax",8,16,4,3,"IM-4560-0020.dcm",4560,20,1.5625,1.5625,-41.226473843265,6,256,230
1,"train","sax",8,16,4,3,"IM-4560-0021.dcm",4560,21,1.5625,1.5625,-41.226473843265,6,256,230
1,"train","sax",8,16,4,3,"IM-4560-0022.dcm",4560,22,1.5625,1.5625,-41.226473843265,6,256,230
1,"train","sax",8,16,4,3,"IM-4560-0023.dcm",4560,23,1.5625,1.5625,-41.226473843265,6,256,230
1,"train","sax",8,16,4,3,"IM-4560-0024.dcm",4560,24,1.5625,1.5625,-41.226473843265,6,256,230
1,"train","sax",8,16,4,3,"IM-4560-0025.dcm",4560,25,1.5625,1.5625,-41.226473843265,6,256,230
1,"train","sax",8,16,4,3,"IM-4560-0026.dcm",4560,26,1.5625,1.5625,-41.226473843265,6,256,230
1,"train","sax",8,16,4,3,"IM-4560-0027.dcm",4560,27,1.5625,1.5625,-41.226473843265,6,256,230
1,"train","sax",8,16,4,3,"IM-4560-0028.dcm",4560,28,1.5625,1.5625,-41.226473843265,6,256,230
1,"train","sax",8,16,4,3,"IM-4560-0029.dcm",4560,29,1.5625,1.5625,-41.226473843265,6,256,230
1,"train","sax",8,16,4,3,"IM-4560-0030.dcm",4560,30,1.5625,1.5625,-41.226473843265,6,256,230
1,"train","sax",9,16,5,3,"IM-4561-0001.dcm",4561,1,1.5625,1.5625,-51.246474156725,6,256,230
1,"train","sax",9,16,5,3,"IM-4561-0002.dcm",4561,2,1.5625,1.5625,-51.246474156725,6,256,230
1,"train","sax",9,16,5,3,"IM-4561-0003.dcm",4561,3,1.5625,1.5625,-51.246474156725,6,256,230
1,"train","sax",9,16,5,3,"IM-4561-0004.dcm",4561,4,1.5625,1.5625,-51.246474156725,6,256,230
1,"train","sax",9,16,5,3,"IM-4561-0005.dcm",4561,5,1.5625,1.5625,-51.246474156725,6,256,230
1,"train","sax",9,16,5,3,"IM-4561-0006.dcm",4561,6,1.5625,1.5625,-51.246474156725,6,256,230
1,"train","sax",9,16,5,3,"IM-4561-0007.dcm",4561,7,1.5625,1.5625,-51.246474156725,6,256,230
1,"train","sax",9,16,5,3,"IM-4561-0008.dcm",4561,8,1.5625,1.5625,-51.246474156725,6,256,230
1,"train","sax",9,16,5,3,"IM-4561-0009.dcm",4561,9,1.5625,1.5625,-51.246474156725,6,256,230
1,"train","sax",9,16,5,3,"IM-4561-0010.dcm",4561,10,1.5625,1.5625,-51.246474156725,6,256,230
1,"train","sax",9,16,5,3,"IM-4561-0011.dcm",4561,11,1.5625,1.5625,-51.246474156725,6,256,230
1,"train","sax",9,16,5,3,"IM-4561-0012.dcm",4561,12,1.5625,1.5625,-51.246474156725,6,256,230
1,"train","sax",9,16,5,3,"IM-4561-0013.dcm",4561,13,1.5625,1.5625,-51.246474156725,6,256,230
1,"train","sax",9,16,5,3,"IM-4561-0014.dcm",4561,14,1.5625,1.5625,-51.246474156725,6,256,230
1,"train","sax",9,16,5,3,"IM-4561-0015.dcm",4561,15,1.5625,1.5625,-51.246474156725,6,256,230
1,"train","sax",9,16,5,3,"IM-4561-0016.dcm",4561,16,1.5625,1.5625,-51.246474156725,6,256,230
1,"train","sax",9,16,5,3,"IM-4561-0017.dcm",4561,17,1.5625,1.5625,-51.246474156725,6,256,230
1,"train","sax",9,16,5,3,"IM-4561-0018.dcm",4561,18,1.5625,1.5625,-51.246474156725,6,256,230
1,"train","sax",9,16,5,3,"IM-4561-0019.dcm",4561,19,1.5625,1.5625,-51.246474156725,6,256,230
1,"train","sax",9,16,5,3,"IM-4561-0020.dcm",4561,20,1.5625,1.5625,-51.246474156725,6,256,230
1,"train","sax",9,16,5,3,"IM-4561-0021.dcm",4561,21,1.5625,1.5625,-51.246474156725,6,256,230
1,"train","sax",9,16,5,3,"IM-4561-0022.dcm",4561,22,1.5625,1.5625,-51.246474156725,6,256,230
1,"train","sax",9,16,5,3,"IM-4561-0023.dcm",4561,23,1.5625,1.5625,-51.246474156725,6,256,230
1,"train","sax",9,16,5,3,"IM-4561-0024.dcm",4561,24,1.5625,1.5625,-51.246474156725,6,256,230
1,"train","sax",9,16,5,3,"IM-4561-0025.dcm",4561,25,1.5625,1.5625,-51.246474156725,6,256,230
1,"train","sax",9,16,5,3,"IM-4561-0026.dcm",4561,26,1.5625,1.5625,-51.246474156725,6,256,230
1,"train","sax",9,16,5,3,"IM-4561-0027.dcm",4561,27,1.5625,1.5625,-51.246474156725,6,256,230
1,"train","sax",9,16,5,3,"IM-4561-0028.dcm",4561,28,1.5625,1.5625,-51.246474156725,6,256,230
1,"train","sax",9,16,5,3,"IM-4561-0029.dcm",4561,29,1.5625,1.5625,-51.246474156725,6,256,230
1,"train","sax",9,16,5,3,"IM-4561-0030.dcm",4561,30,1.5625,1.5625,-51.246474156725,6,256,230
1,"train","sax",10,16,6,2,"IM-4562-0001.dcm",4562,1,1.5625,1.5625,-61.266473065516,6,256,230
1,"train","sax",10,16,6,2,"IM-4562-0002.dcm",4562,2,1.5625,1.5625,-61.266473065516,6,256,230
1,"train","sax",10,16,6,2,"IM-4562-0003.dcm",4562,3,1.5625,1.5625,-61.266473065516,6,256,230
1,"train","sax",10,16,6,2,"IM-4562-0004.dcm",4562,4,1.5625,1.5625,-61.266473065516,6,256,230
1,"train","sax",10,16,6,2,"IM-4562-0005.dcm",4562,5,1.5625,1.5625,-61.266473065516,6,256,230
1,"train","sax",10,16,6,2,"IM-4562-0006.dcm",4562,6,1.5625,1.5625,-61.266473065516,6,256,230
1,"train","sax",10,16,6,2,"IM-4562-0007.dcm",4562,7,1.5625,1.5625,-61.266473065516,6,256,230
1,"train","sax",10,16,6,2,"IM-4562-0008.dcm",4562,8,1.5625,1.5625,-61.266473065516,6,256,230
1,"train","sax",10,16,6,2,"IM-4562-0009.dcm",4562,9,1.5625,1.5625,-61.266473065516,6,256,230
1,"train","sax",10,16,6,2,"IM-4562-0010.dcm",4562,10,1.5625,1.5625,-61.266473065516,6,256,230
1,"train","sax",10,16,6,2,"IM-4562-0011.dcm",4562,11,1.5625,1.5625,-61.266473065516,6,256,230
1,"train","sax",10,16,6,2,"IM-4562-0012.dcm",4562,12,1.5625,1.5625,-61.266473065516,6,256,230
1,"train","sax",10,16,6,2,"IM-4562-0013.dcm",4562,13,1.5625,1.5625,-61.266473065516,6,256,230
1,"train","sax",10,16,6,2,"IM-4562-0014.dcm",4562,14,1.5625,1.5625,-61.266473065516,6,256,230
1,"train","sax",10,16,6,2,"IM-4562-0015.dcm",4562,15,1.5625,1.5625,-61.266473065516,6,256,230
1,"train","sax",10,16,6,2,"IM-4562-0016.dcm",4562,16,1.5625,1.5625,-61.266473065516,6,256,230
1,"train","sax",10,16,6,2,"IM-4562-0017.dcm",4562,17,1.5625,1.5625,-61.266473065516,6,256,230
1,"train","sax",10,16,6,2,"IM-4562-0018.dcm",4562,18,1.5625,1.5625,-61.266473065516,6,256,230
1,"train","sax",10,16,6,2,"IM-4562-0019.dcm",4562,19,1.5625,1.5625,-61.266473065516,6,256,230
1,"train","sax",10,16,6,2,"IM-4562-0020.dcm",4562,20,1.5625,1.5625,-61.266473065516,6,256,230
1,"train","sax",10,16,6,2,"IM-4562-0021.dcm",4562,21,1.5625,1.5625,-61.266473065516,6,256,230
1,"train","sax",10,16,6,2,"IM-4562-0022.dcm",4562,22,1.5625,1.5625,-61.266473065516,6,256,230
1,"train","sax",10,16,6,2,"IM-4562-0023.dcm",4562,23,1.5625,1.5625,-61.266473065516,6,256,230
1,"train","sax",10,16,6,2,"IM-4562-0024.dcm",4562,24,1.5625,1.5625,-61.266473065516,6,256,230
1,"train","sax",10,16,6,2,"IM-4562-0025.dcm",4562,25,1.5625,1.5625,-61.266473065516,6,256,230
1,"train","sax",10,16,6,2,"IM-4562-0026.dcm",4562,26,1.5625,1.5625,-61.266473065516,6,256,230
1,"train","sax",10,16,6,2,"IM-4562-0027.dcm",4562,27,1.5625,1.5625,-61.266473065516,6,256,230
1,"train","sax",10,16,6,2,"IM-4562-0028.dcm",4562,28,1.5625,1.5625,-61.266473065516,6,256,230
1,"train","sax",10,16,6,2,"IM-4562-0029.dcm",4562,29,1.5625,1.5625,-61.266473065516,6,256,230
1,"train","sax",10,16,6,2,"IM-4562-0030.dcm",4562,30,1.5625,1.5625,-61.266473065516,6,256,230
1,"train","sax",11,16,7,2,"IM-4563-0001.dcm",4563,1,1.5625,1.5625,-71.28647408708,6,256,230
1,"train","sax",11,16,7,2,"IM-4563-0002.dcm",4563,2,1.5625,1.5625,-71.28647408708,6,256,230
1,"train","sax",11,16,7,2,"IM-4563-0003.dcm",4563,3,1.5625,1.5625,-71.28647408708,6,256,230
1,"train","sax",11,16,7,2,"IM-4563-0004.dcm",4563,4,1.5625,1.5625,-71.28647408708,6,256,230
1,"train","sax",11,16,7,2,"IM-4563-0005.dcm",4563,5,1.5625,1.5625,-71.28647408708,6,256,230
1,"train","sax",11,16,7,2,"IM-4563-0006.dcm",4563,6,1.5625,1.5625,-71.28647408708,6,256,230
1,"train","sax",11,16,7,2,"IM-4563-0007.dcm",4563,7,1.5625,1.5625,-71.28647408708,6,256,230
1,"train","sax",11,16,7,2,"IM-4563-0008.dcm",4563,8,1.5625,1.5625,-71.28647408708,6,256,230
1,"train","sax",11,16,7,2,"IM-4563-0009.dcm",4563,9,1.5625,1.5625,-71.28647408708,6,256,230
1,"train","sax",11,16,7,2,"IM-4563-0010.dcm",4563,10,1.5625,1.5625,-71.28647408708,6,256,230
1,"train","sax",11,16,7,2,"IM-4563-0011.dcm",4563,11,1.5625,1.5625,-71.28647408708,6,256,230
1,"train","sax",11,16,7,2,"IM-4563-0012.dcm",4563,12,1.5625,1.5625,-71.28647408708,6,256,230
1,"train","sax",11,16,7,2,"IM-4563-0013.dcm",4563,13,1.5625,1.5625,-71.28647408708,6,256,230
1,"train","sax",11,16,7,2,"IM-4563-0014.dcm",4563,14,1.5625,1.5625,-71.28647408708,6,256,230
1,"train","sax",11,16,7,2,"IM-4563-0015.dcm",4563,15,1.5625,1.5625,-71.28647408708,6,256,230
1,"train","sax",11,16,7,2,"IM-4563-0016.dcm",4563,16,1.5625,1.5625,-71.28647408708,6,256,230
1,"train","sax",11,16,7,2,"IM-4563-0017.dcm",4563,17,1.5625,1.5625,-71.28647408708,6,256,230
1,"train","sax",11,16,7,2,"IM-4563-0018.dcm",4563,18,1.5625,1.5625,-71.28647408708,6,256,230
1,"train","sax",11,16,7,2,"IM-4563-0019.dcm",4563,19,1.5625,1.5625,-71.28647408708,6,256,230
1,"train","sax",11,16,7,2,"IM-4563-0020.dcm",4563,20,1.5625,1.5625,-71.28647408708,6,256,230
1,"train","sax",11,16,7,2,"IM-4563-0021.dcm",4563,21,1.5625,1.5625,-71.28647408708,6,256,230
1,"train","sax",11,16,7,2,"IM-4563-0022.dcm",4563,22,1.5625,1.5625,-71.28647408708,6,256,230
1,"train","sax",11,16,7,2,"IM-4563-0023.dcm",4563,23,1.5625,1.5625,-71.28647408708,6,256,230
1,"train","sax",11,16,7,2,"IM-4563-0024.dcm",4563,24,1.5625,1.5625,-71.28647408708,6,256,230
1,"train","sax",11,16,7,2,"IM-4563-0025.dcm",4563,25,1.5625,1.5625,-71.28647408708,6,256,230
1,"train","sax",11,16,7,2,"IM-4563-0026.dcm",4563,26,1.5625,1.5625,-71.28647408708,6,256,230
1,"train","sax",11,16,7,2,"IM-4563-0027.dcm",4563,27,1.5625,1.5625,-71.28647408708,6,256,230
1,"train","sax",11,16,7,2,"IM-4563-0028.dcm",4563,28,1.5625,1.5625,-71.28647408708,6,256,230
1,"train","sax",11,16,7,2,"IM-4563-0029.dcm",4563,29,1.5625,1.5625,-71.28647408708,6,256,230
1,"train","sax",11,16,7,2,"IM-4563-0030.dcm",4563,30,1.5625,1.5625,-71.28647408708,6,256,230
1,"train","sax",12,16,8,1,"IM-4564-0001.dcm",4564,1,1.5625,1.5625,-71.286516363609,6,256,230
1,"train","sax",12,16,8,1,"IM-4564-0002.dcm",4564,2,1.5625,1.5625,-71.286516363609,6,256,230
1,"train","sax",12,16,8,1,"IM-4564-0003.dcm",4564,3,1.5625,1.5625,-71.286516363609,6,256,230
1,"train","sax",12,16,8,1,"IM-4564-0004.dcm",4564,4,1.5625,1.5625,-71.286516363609,6,256,230
1,"train","sax",12,16,8,1,"IM-4564-0005.dcm",4564,5,1.5625,1.5625,-71.286516363609,6,256,230
1,"train","sax",12,16,8,1,"IM-4564-0006.dcm",4564,6,1.5625,1.5625,-71.286516363609,6,256,230
1,"train","sax",12,16,8,1,"IM-4564-0007.dcm",4564,7,1.5625,1.5625,-71.286516363609,6,256,230
1,"train","sax",12,16,8,1,"IM-4564-0008.dcm",4564,8,1.5625,1.5625,-71.286516363609,6,256,230
1,"train","sax",12,16,8,1,"IM-4564-0009.dcm",4564,9,1.5625,1.5625,-71.286516363609,6,256,230
1,"train","sax",12,16,8,1,"IM-4564-0010.dcm",4564,10,1.5625,1.5625,-71.286516363609,6,256,230
1,"train","sax",12,16,8,1,"IM-4564-0011.dcm",4564,11,1.5625,1.5625,-71.286516363609,6,256,230
1,"train","sax",12,16,8,1,"IM-4564-0012.dcm",4564,12,1.5625,1.5625,-71.286516363609,6,256,230
1,"train","sax",12,16,8,1,"IM-4564-0013.dcm",4564,13,1.5625,1.5625,-71.286516363609,6,256,230
1,"train","sax",12,16,8,1,"IM-4564-0014.dcm",4564,14,1.5625,1.5625,-71.286516363609,6,256,230
1,"train","sax",12,16,8,1,"IM-4564-0015.dcm",4564,15,1.5625,1.5625,-71.286516363609,6,256,230
1,"train","sax",12,16,8,1,"IM-4564-0016.dcm",4564,16,1.5625,1.5625,-71.286516363609,6,256,230
1,"train","sax",12,16,8,1,"IM-4564-0017.dcm",4564,17,1.5625,1.5625,-71.286516363609,6,256,230
1,"train","sax",12,16,8,1,"IM-4564-0018.dcm",4564,18,1.5625,1.5625,-71.286516363609,6,256,230
1,"train","sax",12,16,8,1,"IM-4564-0019.dcm",4564,19,1.5625,1.5625,-71.286516363609,6,256,230
1,"train","sax",12,16,8,1,"IM-4564-0020.dcm",4564,20,1.5625,1.5625,-71.286516363609,6,256,230
1,"train","sax",12,16,8,1,"IM-4564-0021.dcm",4564,21,1.5625,1.5625,-71.286516363609,6,256,230
1,"train","sax",12,16,8,1,"IM-4564-0022.dcm",4564,22,1.5625,1.5625,-71.286516363609,6,256,230
1,"train","sax",12,16,8,1,"IM-4564-0023.dcm",4564,23,1.5625,1.5625,-71.286516363609,6,256,230
1,"train","sax",12,16,8,1,"IM-4564-0024.dcm",4564,24,1.5625,1.5625,-71.286516363609,6,256,230
1,"train","sax",12,16,8,1,"IM-4564-0025.dcm",4564,25,1.5625,1.5625,-71.286516363609,6,256,230
1,"train","sax",12,16,8,1,"IM-4564-0026.dcm",4564,26,1.5625,1.5625,-71.286516363609,6,256,230
1,"train","sax",12,16,8,1,"IM-4564-0027.dcm",4564,27,1.5625,1.5625,-71.286516363609,6,256,230
1,"train","sax",12,16,8,1,"IM-4564-0028.dcm",4564,28,1.5625,1.5625,-71.286516363609,6,256,230
1,"train","sax",12,16,8,1,"IM-4564-0029.dcm",4564,29,1.5625,1.5625,-71.286516363609,6,256,230
1,"train","sax",12,16,8,1,"IM-4564-0030.dcm",4564,30,1.5625,1.5625,-71.286516363609,6,256,230
1,"train","sax",13,16,9,1,"IM-4565-0001.dcm",4565,1,1.5625,1.5625,-81.306516730398,6,256,230
1,"train","sax",13,16,9,1,"IM-4565-0002.dcm",4565,2,1.5625,1.5625,-81.306516730398,6,256,230
1,"train","sax",13,16,9,1,"IM-4565-0003.dcm",4565,3,1.5625,1.5625,-81.306516730398,6,256,230
1,"train","sax",13,16,9,1,"IM-4565-0004.dcm",4565,4,1.5625,1.5625,-81.306516730398,6,256,230
1,"train","sax",13,16,9,1,"IM-4565-0005.dcm",4565,5,1.5625,1.5625,-81.306516730398,6,256,230
1,"train","sax",13,16,9,1,"IM-4565-0006.dcm",4565,6,1.5625,1.5625,-81.306516730398,6,256,230
1,"train","sax",13,16,9,1,"IM-4565-0007.dcm",4565,7,1.5625,1.5625,-81.306516730398,6,256,230
1,"train","sax",13,16,9,1,"IM-4565-0008.dcm",4565,8,1.5625,1.5625,-81.306516730398,6,256,230
1,"train","sax",13,16,9,1,"IM-4565-0009.dcm",4565,9,1.5625,1.5625,-81.306516730398,6,256,230
1,"train","sax",13,16,9,1,"IM-4565-0010.dcm",4565,10,1.5625,1.5625,-81.306516730398,6,256,230
1,"train","sax",13,16,9,1,"IM-4565-0011.dcm",4565,11,1.5625,1.5625,-81.306516730398,6,256,230
1,"train","sax",13,16,9,1,"IM-4565-0012.dcm",4565,12,1.5625,1.5625,-81.306516730398,6,256,230
1,"train","sax",13,16,9,1,"IM-4565-0013.dcm",4565,13,1.5625,1.5625,-81.306516730398,6,256,230
1,"train","sax",13,16,9,1,"IM-4565-0014.dcm",4565,14,1.5625,1.5625,-81.306516730398,6,256,230
1,"train","sax",13,16,9,1,"IM-4565-0015.dcm",4565,15,1.5625,1.5625,-81.306516730398,6,256,230
1,"train","sax",13,16,9,1,"IM-4565-0016.dcm",4565,16,1.5625,1.5625,-81.306516730398,6,256,230
1,"train","sax",13,16,9,1,"IM-4565-0017.dcm",4565,17,1.5625,1.5625,-81.306516730398,6,256,230
1,"train","sax",13,16,9,1,"IM-4565-0018.dcm",4565,18,1.5625,1.5625,-81.306516730398,6,256,230
1,"train","sax",13,16,9,1,"IM-4565-0019.dcm",4565,19,1.5625,1.5625,-81.306516730398,6,256,230
1,"train","sax",13,16,9,1,"IM-4565-0020.dcm",4565,20,1.5625,1.5625,-81.306516730398,6,256,230
1,"train","sax",13,16,9,1,"IM-4565-0021.dcm",4565,21,1.5625,1.5625,-81.306516730398,6,256,230
1,"train","sax",13,16,9,1,"IM-4565-0022.dcm",4565,22,1.5625,1.5625,-81.306516730398,6,256,230
1,"train","sax",13,16,9,1,"IM-4565-0023.dcm",4565,23,1.5625,1.5625,-81.306516730398,6,256,230
1,"train","sax",13,16,9,1,"IM-4565-0024.dcm",4565,24,1.5625,1.5625,-81.306516730398,6,256,230
1,"train","sax",13,16,9,1,"IM-4565-0025.dcm",4565,25,1.5625,1.5625,-81.306516730398,6,256,230
1,"train","sax",13,16,9,1,"IM-4565-0026.dcm",4565,26,1.5625,1.5625,-81.306516730398,6,256,230
1,"train","sax",13,16,9,1,"IM-4565-0027.dcm",4565,27,1.5625,1.5625,-81.306516730398,6,256,230
1,"train","sax",13,16,9,1,"IM-4565-0028.dcm",4565,28,1.5625,1.5625,-81.306516730398,6,256,230
1,"train","sax",13,16,9,1,"IM-4565-0029.dcm",4565,29,1.5625,1.5625,-81.306516730398,6,256,230
1,"train","sax",13,16,9,1,"IM-4565-0030.dcm",4565,30,1.5625,1.5625,-81.306516730398,6,256,230
1,"train","sax",14,16,10,2,"IM-4566-0001.dcm",4566,1,1.5625,1.5625,-91.326518460069,6,256,230
1,"train","sax",14,16,10,2,"IM-4566-0002.dcm",4566,2,1.5625,1.5625,-91.326518460069,6,256,230
1,"train","sax",14,16,10,2,"IM-4566-0003.dcm",4566,3,1.5625,1.5625,-91.326518460069,6,256,230
1,"train","sax",14,16,10,2,"IM-4566-0004.dcm",4566,4,1.5625,1.5625,-91.326518460069,6,256,230
1,"train","sax",14,16,10,2,"IM-4566-0005.dcm",4566,5,1.5625,1.5625,-91.326518460069,6,256,230
1,"train","sax",14,16,10,2,"IM-4566-0006.dcm",4566,6,1.5625,1.5625,-91.326518460069,6,256,230
1,"train","sax",14,16,10,2,"IM-4566-0007.dcm",4566,7,1.5625,1.5625,-91.326518460069,6,256,230
1,"train","sax",14,16,10,2,"IM-4566-0008.dcm",4566,8,1.5625,1.5625,-91.326518460069,6,256,230
1,"train","sax",14,16,10,2,"IM-4566-0009.dcm",4566,9,1.5625,1.5625,-91.326518460069,6,256,230
1,"train","sax",14,16,10,2,"IM-4566-0010.dcm",4566,10,1.5625,1.5625,-91.326518460069,6,256,230
1,"train","sax",14,16,10,2,"IM-4566-0011.dcm",4566,11,1.5625,1.5625,-91.326518460069,6,256,230
1,"train","sax",14,16,10,2,"IM-4566-0012.dcm",4566,12,1.5625,1.5625,-91.326518460069,6,256,230
1,"train","sax",14,16,10,2,"IM-4566-0013.dcm",4566,13,1.5625,1.5625,-91.326518460069,6,256,230
1,"train","sax",14,16,10,2,"IM-4566-0014.dcm",4566,14,1.5625,1.5625,-91.326518460069,6,256,230
1,"train","sax",14,16,10,2,"IM-4566-0015.dcm",4566,15,1.5625,1.5625,-91.326518460069,6,256,230
1,"train","sax",14,16,10,2,"IM-4566-0016.dcm",4566,16,1.5625,1.5625,-91.326518460069,6,256,230
1,"train","sax",14,16,10,2,"IM-4566-0017.dcm",4566,17,1.5625,1.5625,-91.326518460069,6,256,230
1,"train","sax",14,16,10,2,"IM-4566-0018.dcm",4566,18,1.5625,1.5625,-91.326518460069,6,256,230
1,"train","sax",14,16,10,2,"IM-4566-0019.dcm",4566,19,1.5625,1.5625,-91.326518460069,6,256,230
1,"train","sax",14,16,10,2,"IM-4566-0020.dcm",4566,20,1.5625,1.5625,-91.326518460069,6,256,230
1,"train","sax",14,16,10,2,"IM-4566-0021.dcm",4566,21,1.5625,1.5625,-91.326518460069,6,256,230
1,"train","sax",14,16,10,2,"IM-4566-0022.dcm",4566,22,1.5625,1.5625,-91.326518460069,6,256,230
1,"train","sax",14,16,10,2,"IM-4566-0023.dcm",4566,23,1.5625,1.5625,-91.326518460069,6,256,230
1,"train","sax",14,16,10,2,"IM-4566-0024.dcm",4566,24,1.5625,1.5625,-91.326518460069,6,256,230
1,"train","sax",14,16,10,2,"IM-4566-0025.dcm",4566,25,1.5625,1.5625,-91.326518460069,6,256,230
1,"train","sax",14,16,10,2,"IM-4566-0026.dcm",4566,26,1.5625,1.5625,-91.326518460069,6,256,230
1,"train","sax",14,16,10,2,"IM-4566-0027.dcm",4566,27,1.5625,1.5625,-91.326518460069,6,256,230
1,"train","sax",14,16,10,2,"IM-4566-0028.dcm",4566,28,1.5625,1.5625,-91.326518460069,6,256,230
1,"train","sax",14,16,10,2,"IM-4566-0029.dcm",4566,29,1.5625,1.5625,-91.326518460069,6,256,230
1,"train","sax",14,16,10,2,"IM-4566-0030.dcm",4566,30,1.5625,1.5625,-91.326518460069,6,256,230
1,"train","sax",15,16,11,2,"IM-4567-0001.dcm",4567,1,1.5625,1.5625,-101.34651596419,6,256,230
1,"train","sax",15,16,11,2,"IM-4567-0002.dcm",4567,2,1.5625,1.5625,-101.34651596419,6,256,230
1,"train","sax",15,16,11,2,"IM-4567-0003.dcm",4567,3,1.5625,1.5625,-101.34651596419,6,256,230
1,"train","sax",15,16,11,2,"IM-4567-0004.dcm",4567,4,1.5625,1.5625,-101.34651596419,6,256,230
1,"train","sax",15,16,11,2,"IM-4567-0005.dcm",4567,5,1.5625,1.5625,-101.34651596419,6,256,230
1,"train","sax",15,16,11,2,"IM-4567-0006.dcm",4567,6,1.5625,1.5625,-101.34651596419,6,256,230
1,"train","sax",15,16,11,2,"IM-4567-0007.dcm",4567,7,1.5625,1.5625,-101.34651596419,6,256,230
1,"train","sax",15,16,11,2,"IM-4567-0008.dcm",4567,8,1.5625,1.5625,-101.34651596419,6,256,230
1,"train","sax",15,16,11,2,"IM-4567-0009.dcm",4567,9,1.5625,1.5625,-101.34651596419,6,256,230
1,"train","sax",15,16,11,2,"IM-4567-0010.dcm",4567,10,1.5625,1.5625,-101.34651596419,6,256,230
1,"train","sax",15,16,11,2,"IM-4567-0011.dcm",4567,11,1.5625,1.5625,-101.34651596419,6,256,230
1,"train","sax",15,16,11,2,"IM-4567-0012.dcm",4567,12,1.5625,1.5625,-101.34651596419,6,256,230
1,"train","sax",15,16,11,2,"IM-4567-0013.dcm",4567,13,1.5625,1.5625,-101.34651596419,6,256,230
1,"train","sax",15,16,11,2,"IM-4567-0014.dcm",4567,14,1.5625,1.5625,-101.34651596419,6,256,230
1,"train","sax",15,16,11,2,"IM-4567-0015.dcm",4567,15,1.5625,1.5625,-101.34651596419,6,256,230
1,"train","sax",15,16,11,2,"IM-4567-0016.dcm",4567,16,1.5625,1.5625,-101.34651596419,6,256,230
1,"train","sax",15,16,11,2,"IM-4567-0017.dcm",4567,17,1.5625,1.5625,-101.34651596419,6,256,230
1,"train","sax",15,16,11,2,"IM-4567-0018.dcm",4567,18,1.5625,1.5625,-101.34651596419,6,256,230
1,"train","sax",15,16,11,2,"IM-4567-0019.dcm",4567,19,1.5625,1.5625,-101.34651596419,6,256,230
1,"train","sax",15,16,11,2,"IM-4567-0020.dcm",4567,20,1.5625,1.5625,-101.34651596419,6,256,230
1,"train","sax",15,16,11,2,"IM-4567-0021.dcm",4567,21,1.5625,1.5625,-101.34651596419,6,256,230
1,"train","sax",15,16,11,2,"IM-4567-0022.dcm",4567,22,1.5625,1.5625,-101.34651596419,6,256,230
1,"train","sax",15,16,11,2,"IM-4567-0023.dcm",4567,23,1.5625,1.5625,-101.34651596419,6,256,230
1,"train","sax",15,16,11,2,"IM-4567-0024.dcm",4567,24,1.5625,1.5625,-101.34651596419,6,256,230
1,"train","sax",15,16,11,2,"IM-4567-0025.dcm",4567,25,1.5625,1.5625,-101.34651596419,6,256,230
1,"train","sax",15,16,11,2,"IM-4567-0026.dcm",4567,26,1.5625,1.5625,-101.34651596419,6,256,230
1,"train","sax",15,16,11,2,"IM-4567-0027.dcm",4567,27,1.5625,1.5625,-101.34651596419,6,256,230
1,"train","sax",15,16,11,2,"IM-4567-0028.dcm",4567,28,1.5625,1.5625,-101.34651596419,6,256,230
1,"train","sax",15,16,11,2,"IM-4567-0029.dcm",4567,29,1.5625,1.5625,-101.34651596419,6,256,230
1,"train","sax",15,16,11,2,"IM-4567-0030.dcm",4567,30,1.5625,1.5625,-101.34651596419,6,256,230
1,"train","sax",16,16,12,3,"IM-4568-0001.dcm",4568,1,1.5625,1.5625,-101.34648665687,6,256,230
1,"train","sax",16,16,12,3,"IM-4568-0002.dcm",4568,2,1.5625,1.5625,-101.34648665687,6,256,230
1,"train","sax",16,16,12,3,"IM-4568-0003.dcm",4568,3,1.5625,1.5625,-101.34648665687,6,256,230
1,"train","sax",16,16,12,3,"IM-4568-0004.dcm",4568,4,1.5625,1.5625,-101.34648665687,6,256,230
1,"train","sax",16,16,12,3,"IM-4568-0005.dcm",4568,5,1.5625,1.5625,-101.34648665687,6,256,230
1,"train","sax",16,16,12,3,"IM-4568-0006.dcm",4568,6,1.5625,1.5625,-101.34648665687,6,256,230
1,"train","sax",16,16,12,3,"IM-4568-0007.dcm",4568,7,1.5625,1.5625,-101.34648665687,6,256,230
1,"train","sax",16,16,12,3,"IM-4568-0008.dcm",4568,8,1.5625,1.5625,-101.34648665687,6,256,230
1,"train","sax",16,16,12,3,"IM-4568-0009.dcm",4568,9,1.5625,1.5625,-101.34648665687,6,256,230
1,"train","sax",16,16,12,3,"IM-4568-0010.dcm",4568,10,1.5625,1.5625,-101.34648665687,6,256,230
1,"train","sax",16,16,12,3,"IM-4568-0011.dcm",4568,11,1.5625,1.5625,-101.34648665687,6,256,230
1,"train","sax",16,16,12,3,"IM-4568-0012.dcm",4568,12,1.5625,1.5625,-101.34648665687,6,256,230
1,"train","sax",16,16,12,3,"IM-4568-0013.dcm",4568,13,1.5625,1.5625,-101.34648665687,6,256,230
1,"train","sax",16,16,12,3,"IM-4568-0014.dcm",4568,14,1.5625,1.5625,-101.34648665687,6,256,230
1,"train","sax",16,16,12,3,"IM-4568-0015.dcm",4568,15,1.5625,1.5625,-101.34648665687,6,256,230
1,"train","sax",16,16,12,3,"IM-4568-0016.dcm",4568,16,1.5625,1.5625,-101.34648665687,6,256,230
1,"train","sax",16,16,12,3,"IM-4568-0017.dcm",4568,17,1.5625,1.5625,-101.34648665687,6,256,230
1,"train","sax",16,16,12,3,"IM-4568-0018.dcm",4568,18,1.5625,1.5625,-101.34648665687,6,256,230
1,"train","sax",16,16,12,3,"IM-4568-0019.dcm",4568,19,1.5625,1.5625,-101.34648665687,6,256,230
1,"train","sax",16,16,12,3,"IM-4568-0020.dcm",4568,20,1.5625,1.5625,-101.34648665687,6,256,230
1,"train","sax",16,16,12,3,"IM-4568-0021.dcm",4568,21,1.5625,1.5625,-101.34648665687,6,256,230
1,"train","sax",16,16,12,3,"IM-4568-0022.dcm",4568,22,1.5625,1.5625,-101.34648665687,6,256,230
1,"train","sax",16,16,12,3,"IM-4568-0023.dcm",4568,23,1.5625,1.5625,-101.34648665687,6,256,230
1,"train","sax",16,16,12,3,"IM-4568-0024.dcm",4568,24,1.5625,1.5625,-101.34648665687,6,256,230
1,"train","sax",16,16,12,3,"IM-4568-0025.dcm",4568,25,1.5625,1.5625,-101.34648665687,6,256,230
1,"train","sax",16,16,12,3,"IM-4568-0026.dcm",4568,26,1.5625,1.5625,-101.34648665687,6,256,230
1,"train","sax",16,16,12,3,"IM-4568-0027.dcm",4568,27,1.5625,1.5625,-101.34648665687,6,256,230
1,"train","sax",16,16,12,3,"IM-4568-0028.dcm",4568,28,1.5625,1.5625,-101.34648665687,6,256,230
1,"train","sax",16,16,12,3,"IM-4568-0029.dcm",4568,29,1.5625,1.5625,-101.34648665687,6,256,230
1,"train","sax",16,16,12,3,"IM-4568-0030.dcm",4568,30,1.5625,1.5625,-101.34648665687,6,256,230
1,"train","sax",17,16,13,3,"IM-4569-0001.dcm",4569,1,1.5625,1.5625,-111.36648702365,6,256,230
1,"train","sax",17,16,13,3,"IM-4569-0002.dcm",4569,2,1.5625,1.5625,-111.36648702365,6,256,230
1,"train","sax",17,16,13,3,"IM-4569-0003.dcm",4569,3,1.5625,1.5625,-111.36648702365,6,256,230
1,"train","sax",17,16,13,3,"IM-4569-0004.dcm",4569,4,1.5625,1.5625,-111.36648702365,6,256,230
1,"train","sax",17,16,13,3,"IM-4569-0005.dcm",4569,5,1.5625,1.5625,-111.36648702365,6,256,230
1,"train","sax",17,16,13,3,"IM-4569-0006.dcm",4569,6,1.5625,1.5625,-111.36648702365,6,256,230
1,"train","sax",17,16,13,3,"IM-4569-0007.dcm",4569,7,1.5625,1.5625,-111.36648702365,6,256,230
1,"train","sax",17,16,13,3,"IM-4569-0008.dcm",4569,8,1.5625,1.5625,-111.36648702365,6,256,230
1,"train","sax",17,16,13,3,"IM-4569-0009.dcm",4569,9,1.5625,1.5625,-111.36648702365,6,256,230
1,"train","sax",17,16,13,3,"IM-4569-0010.dcm",4569,10,1.5625,1.5625,-111.36648702365,6,256,230
1,"train","sax",17,16,13,3,"IM-4569-0011.dcm",4569,11,1.5625,1.5625,-111.36648702365,6,256,230
1,"train","sax",17,16,13,3,"IM-4569-0012.dcm",4569,12,1.5625,1.5625,-111.36648702365,6,256,230
1,"train","sax",17,16,13,3,"IM-4569-0013.dcm",4569,13,1.5625,1.5625,-111.36648702365,6,256,230
1,"train","sax",17,16,13,3,"IM-4569-0014.dcm",4569,14,1.5625,1.5625,-111.36648702365,6,256,230
1,"train","sax",17,16,13,3,"IM-4569-0015.dcm",4569,15,1.5625,1.5625,-111.36648702365,6,256,230
1,"train","sax",17,16,13,3,"IM-4569-0016.dcm",4569,16,1.5625,1.5625,-111.36648702365,6,256,230
1,"train","sax",17,16,13,3,"IM-4569-0017.dcm",4569,17,1.5625,1.5625,-111.36648702365,6,256,230
1,"train","sax",17,16,13,3,"IM-4569-0018.dcm",4569,18,1.5625,1.5625,-111.36648702365,6,256,230
1,"train","sax",17,16,13,3,"IM-4569-0019.dcm",4569,19,1.5625,1.5625,-111.36648702365,6,256,230
1,"train","sax",17,16,13,3,"IM-4569-0020.dcm",4569,20,1.5625,1.5625,-111.36648702365,6,256,230
1,"train","sax",17,16,13,3,"IM-4569-0021.dcm",4569,21,1.5625,1.5625,-111.36648702365,6,256,230
1,"train","sax",17,16,13,3,"IM-4569-0022.dcm",4569,22,1.5625,1.5625,-111.36648702365,6,256,230
1,"train","sax",17,16,13,3,"IM-4569-0023.dcm",4569,23,1.5625,1.5625,-111.36648702365,6,256,230
1,"train","sax",17,16,13,3,"IM-4569-0024.dcm",4569,24,1.5625,1.5625,-111.36648702365,6,256,230
1,"train","sax",17,16,13,3,"IM-4569-0025.dcm",4569,25,1.5625,1.5625,-111.36648702365,6,256,230
1,"train","sax",17,16,13,3,"IM-4569-0026.dcm",4569,26,1.5625,1.5625,-111.36648702365,6,256,230
1,"train","sax",17,16,13,3,"IM-4569-0027.dcm",4569,27,1.5625,1.5625,-111.36648702365,6,256,230
1,"train","sax",17,16,13,3,"IM-4569-0028.dcm",4569,28,1.5625,1.5625,-111.36648702365,6,256,230
1,"train","sax",17,16,13,3,"IM-4569-0029.dcm",4569,29,1.5625,1.5625,-111.36648702365,6,256,230
1,"train","sax",17,16,13,3,"IM-4569-0030.dcm",4569,30,1.5625,1.5625,-111.36648702365,6,256,230
1,"train","sax",18,16,14,4,"IM-4570-0001.dcm",4570,1,1.5625,1.5625,-111.36649314248,6,256,230
1,"train","sax",18,16,14,4,"IM-4570-0002.dcm",4570,2,1.5625,1.5625,-111.36649314248,6,256,230
1,"train","sax",18,16,14,4,"IM-4570-0003.dcm",4570,3,1.5625,1.5625,-111.36649314248,6,256,230
1,"train","sax",18,16,14,4,"IM-4570-0004.dcm",4570,4,1.5625,1.5625,-111.36649314248,6,256,230
1,"train","sax",18,16,14,4,"IM-4570-0005.dcm",4570,5,1.5625,1.5625,-111.36649314248,6,256,230
1,"train","sax",18,16,14,4,"IM-4570-0006.dcm",4570,6,1.5625,1.5625,-111.36649314248,6,256,230
1,"train","sax",18,16,14,4,"IM-4570-0007.dcm",4570,7,1.5625,1.5625,-111.36649314248,6,256,230
1,"train","sax",18,16,14,4,"IM-4570-0008.dcm",4570,8,1.5625,1.5625,-111.36649314248,6,256,230
1,"train","sax",18,16,14,4,"IM-4570-0009.dcm",4570,9,1.5625,1.5625,-111.36649314248,6,256,230
1,"train","sax",18,16,14,4,"IM-4570-0010.dcm",4570,10,1.5625,1.5625,-111.36649314248,6,256,230
1,"train","sax",18,16,14,4,"IM-4570-0011.dcm",4570,11,1.5625,1.5625,-111.36649314248,6,256,230
1,"train","sax",18,16,14,4,"IM-4570-0012.dcm",4570,12,1.5625,1.5625,-111.36649314248,6,256,230
1,"train","sax",18,16,14,4,"IM-4570-0013.dcm",4570,13,1.5625,1.5625,-111.36649314248,6,256,230
1,"train","sax",18,16,14,4,"IM-4570-0014.dcm",4570,14,1.5625,1.5625,-111.36649314248,6,256,230
1,"train","sax",18,16,14,4,"IM-4570-0015.dcm",4570,15,1.5625,1.5625,-111.36649314248,6,256,230
1,"train","sax",18,16,14,4,"IM-4570-0016.dcm",4570,16,1.5625,1.5625,-111.36649314248,6,256,230
1,"train","sax",18,16,14,4,"IM-4570-0017.dcm",4570,17,1.5625,1.5625,-111.36649314248,6,256,230
1,"train","sax",18,16,14,4,"IM-4570-0018.dcm",4570,18,1.5625,1.5625,-111.36649314248,6,256,230
1,"train","sax",18,16,14,4,"IM-4570-0019.dcm",4570,19,1.5625,1.5625,-111.36649314248,6,256,230
1,"train","sax",18,16,14,4,"IM-4570-0020.dcm",4570,20,1.5625,1.5625,-111.36649314248,6,256,230
1,"train","sax",18,16,14,4,"IM-4570-0021.dcm",4570,21,1.5625,1.5625,-111.36649314248,6,256,230
1,"train","sax",18,16,14,4,"IM-4570-0022.dcm",4570,22,1.5625,1.5625,-111.36649314248,6,256,230
1,"train","sax",18,16,14,4,"IM-4570-0023.dcm",4570,23,1.5625,1.5625,-111.36649314248,6,256,230
1,"train","sax",18,16,14,4,"IM-4570-0024.dcm",4570,24,1.5625,1.5625,-111.36649314248,6,256,230
1,"train","sax",18,16,14,4,"IM-4570-0025.dcm",4570,25,1.5625,1.5625,-111.36649314248,6,256,230
1,"train","sax",18,16,14,4,"IM-4570-0026.dcm",4570,26,1.5625,1.5625,-111.36649314248,6,256,230
1,"train","sax",18,16,14,4,"IM-4570-0027.dcm",4570,27,1.5625,1.5625,-111.36649314248,6,256,230
1,"train","sax",18,16,14,4,"IM-4570-0028.dcm",4570,28,1.5625,1.5625,-111.36649314248,6,256,230
1,"train","sax",18,16,14,4,"IM-4570-0029.dcm",4570,29,1.5625,1.5625,-111.36649314248,6,256,230
1,"train","sax",18,16,14,4,"IM-4570-0030.dcm",4570,30,1.5625,1.5625,-111.36649314248,6,256,230
1,"train","sax",38,16,15,4,"IM-4573-0001.dcm",4573,1,1.5625,1.5625,-111.36648702365,6,256,230
1,"train","sax",38,16,15,4,"IM-4573-0002.dcm",4573,2,1.5625,1.5625,-111.36648702365,6,256,230
1,"train","sax",38,16,15,4,"IM-4573-0003.dcm",4573,3,1.5625,1.5625,-111.36648702365,6,256,230
1,"train","sax",38,16,15,4,"IM-4573-0004.dcm",4573,4,1.5625,1.5625,-111.36648702365,6,256,230
1,"train","sax",38,16,15,4,"IM-4573-0005.dcm",4573,5,1.5625,1.5625,-111.36648702365,6,256,230
1,"train","sax",38,16,15,4,"IM-4573-0006.dcm",4573,6,1.5625,1.5625,-111.36648702365,6,256,230
1,"train","sax",38,16,15,4,"IM-4573-0007.dcm",4573,7,1.5625,1.5625,-111.36648702365,6,256,230
1,"train","sax",38,16,15,4,"IM-4573-0008.dcm",4573,8,1.5625,1.5625,-111.36648702365,6,256,230
1,"train","sax",38,16,15,4,"IM-4573-0009.dcm",4573,9,1.5625,1.5625,-111.36648702365,6,256,230
1,"train","sax",38,16,15,4,"IM-4573-0010.dcm",4573,10,1.5625,1.5625,-111.36648702365,6,256,230
1,"train","sax",38,16,15,4,"IM-4573-0011.dcm",4573,11,1.5625,1.5625,-111.36648702365,6,256,230
1,"train","sax",38,16,15,4,"IM-4573-0012.dcm",4573,12,1.5625,1.5625,-111.36648702365,6,256,230
1,"train","sax",38,16,15,4,"IM-4573-0013.dcm",4573,13,1.5625,1.5625,-111.36648702365,6,256,230
1,"train","sax",38,16,15,4,"IM-4573-0014.dcm",4573,14,1.5625,1.5625,-111.36648702365,6,256,230
1,"train","sax",38,16,15,4,"IM-4573-0015.dcm",4573,15,1.5625,1.5625,-111.36648702365,6,256,230
1,"train","sax",38,16,15,4,"IM-4573-0016.dcm",4573,16,1.5625,1.5625,-111.36648702365,6,256,230
1,"train","sax",38,16,15,4,"IM-4573-0017.dcm",4573,17,1.5625,1.5625,-111.36648702365,6,256,230
1,"train","sax",38,16,15,4,"IM-4573-0018.dcm",4573,18,1.5625,1.5625,-111.36648702365,6,256,230
1,"train","sax",38,16,15,4,"IM-4573-0019.dcm",4573,19,1.5625,1.5625,-111.36648702365,6,256,230
1,"train","sax",38,16,15,4,"IM-4573-0020.dcm",4573,20,1.5625,1.5625,-111.36648702365,6,256,230
1,"train","sax",38,16,15,4,"IM-4573-0021.dcm",4573,21,1.5625,1.5625,-111.36648702365,6,256,230
1,"train","sax",38,16,15,4,"IM-4573-0022.dcm",4573,22,1.5625,1.5625,-111.36648702365,6,256,230
1,"train","sax",38,16,15,4,"IM-4573-0023.dcm",4573,23,1.5625,1.5625,-111.36648702365,6,256,230
1,"train","sax",38,16,15,4,"IM-4573-0024.dcm",4573,24,1.5625,1.5625,-111.36648702365,6,256,230
1,"train","sax",38,16,15,4,"IM-4573-0025.dcm",4573,25,1.5625,1.5625,-111.36648702365,6,256,230
1,"train","sax",38,16,15,4,"IM-4573-0026.dcm",4573,26,1.5625,1.5625,-111.36648702365,6,256,230
1,"train","sax",38,16,15,4,"IM-4573-0027.dcm",4573,27,1.5625,1.5625,-111.36648702365,6,256,230
1,"train","sax",38,16,15,4,"IM-4573-0028.dcm",4573,28,1.5625,1.5625,-111.36648702365,6,256,230
1,"train","sax",38,16,15,4,"IM-4573-0029.dcm",4573,29,1.5625,1.5625,-111.36648702365,6,256,230
1,"train","sax",38,16,15,4,"IM-4573-0030.dcm",4573,30,1.5625,1.5625,-111.36648702365,6,256,230
1,"train","sax",57,16,16,4,"IM-4574-0001.dcm",4574,1,1.5625,1.5625,-71.286516363609,6,256,230
1,"train","sax",57,16,16,4,"IM-4574-0002.dcm",4574,2,1.5625,1.5625,-71.286516363609,6,256,230
1,"train","sax",57,16,16,4,"IM-4574-0003.dcm",4574,3,1.5625,1.5625,-71.286516363609,6,256,230
1,"train","sax",57,16,16,4,"IM-4574-0004.dcm",4574,4,1.5625,1.5625,-71.286516363609,6,256,230
1,"train","sax",57,16,16,4,"IM-4574-0005.dcm",4574,5,1.5625,1.5625,-71.286516363609,6,256,230
1,"train","sax",57,16,16,4,"IM-4574-0006.dcm",4574,6,1.5625,1.5625,-71.286516363609,6,256,230
1,"train","sax",57,16,16,4,"IM-4574-0007.dcm",4574,7,1.5625,1.5625,-71.286516363609,6,256,230
1,"train","sax",57,16,16,4,"IM-4574-0008.dcm",4574,8,1.5625,1.5625,-71.286516363609,6,256,230
1,"train","sax",57,16,16,4,"IM-4574-0009.dcm",4574,9,1.5625,1.5625,-71.286516363609,6,256,230
1,"train","sax",57,16,16,4,"IM-4574-0010.dcm",4574,10,1.5625,1.5625,-71.286516363609,6,256,230
1,"train","sax",57,16,16,4,"IM-4574-0011.dcm",4574,11,1.5625,1.5625,-71.286516363609,6,256,230
1,"train","sax",57,16,16,4,"IM-4574-0012.dcm",4574,12,1.5625,1.5625,-71.286516363609,6,256,230
1,"train","sax",57,16,16,4,"IM-4574-0013.dcm",4574,13,1.5625,1.5625,-71.286516363609,6,256,230
1,"train","sax",57,16,16,4,"IM-4574-0014.dcm",4574,14,1.5625,1.5625,-71.286516363609,6,256,230
1,"train","sax",57,16,16,4,"IM-4574-0015.dcm",4574,15,1.5625,1.5625,-71.286516363609,6,256,230
1,"train","sax",57,16,16,4,"IM-4574-0016.dcm",4574,16,1.5625,1.5625,-71.286516363609,6,256,230
1,"train","sax",57,16,16,4,"IM-4574-0017.dcm",4574,17,1.5625,1.5625,-71.286516363609,6,256,230
1,"train","sax",57,16,16,4,"IM-4574-0018.dcm",4574,18,1.5625,1.5625,-71.286516363609,6,256,230
1,"train","sax",57,16,16,4,"IM-4574-0019.dcm",4574,19,1.5625,1.5625,-71.286516363609,6,256,230
1,"train","sax",57,16,16,4,"IM-4574-0020.dcm",4574,20,1.5625,1.5625,-71.286516363609,6,256,230
1,"train","sax",57,16,16,4,"IM-4574-0021.dcm",4574,21,1.5625,1.5625,-71.286516363609,6,256,230
1,"train","sax",57,16,16,4,"IM-4574-0022.dcm",4574,22,1.5625,1.5625,-71.286516363609,6,256,230
1,"train","sax",57,16,16,4,"IM-4574-0023.dcm",4574,23,1.5625,1.5625,-71.286516363609,6,256,230
1,"train","sax",57,16,16,4,"IM-4574-0024.dcm",4574,24,1.5625,1.5625,-71.286516363609,6,256,230
1,"train","sax",57,16,16,4,"IM-4574-0025.dcm",4574,25,1.5625,1.5625,-71.286516363609,6,256,230
1,"train","sax",57,16,16,4,"IM-4574-0026.dcm",4574,26,1.5625,1.5625,-71.286516363609,6,256,230
1,"train","sax",57,16,16,4,"IM-4574-0027.dcm",4574,27,1.5625,1.5625,-71.286516363609,6,256,230
1,"train","sax",57,16,16,4,"IM-4574-0028.dcm",4574,28,1.5625,1.5625,-71.286516363609,6,256,230
1,"train","sax",57,16,16,4,"IM-4574-0029.dcm",4574,29,1.5625,1.5625,-71.286516363609,6,256,230
1,"train","sax",57,16,16,4,"IM-4574-0030.dcm",4574,30,1.5625,1.5625,-71.286516363609,6,256,230
